,ids,truth,pred
0,2678,0.3810026700046451,0.5642143121139531
1,3919,0.2473925565691684,0.24878463066229475
2,828,0.5450841109029896,0.6311769478806589
3,10972,0.1680935643615466,0.7478058054368287
4,15974,0.4045518044193343,0.4924062718854155
5,4688,0.2214630401481435,0.24401437168819465
6,102,0.2013732508123676,0.5320490454041853
7,6921,0.6623417135574562,0.7059608436526794
8,3383,0.3963761685670046,0.3939915835906766
9,2935,0.5112077139318543,0.56395000175786
10,7704,0.2650437186683096,0.5058081470540147
11,1453,0.2974217327186704,0.253461046498632
12,5168,0.5964593469701067,0.8793986575830938
13,9657,0.4059806975161222,0.7018042720474955
14,11501,0.5024980362334286,0.7666838490730954
15,13010,0.7753478089685492,0.8154265617471161
16,5692,0.1943570626874081,0.42056452474030737
17,3043,0.5021492592138287,0.8112008371145436
18,12885,0.1935075474988097,0.29536148045558164
19,13548,0.5326388832978869,0.6931396363341008
20,14635,0.2007678808914096,0.22754548432847294
21,5786,0.2371964107717675,0.38825865108822827
22,3425,0.5022165030790452,0.5581396444597116
23,14911,0.3901145804890674,0.4003439188513862
24,7921,0.9680748921743592,0.6963932472126048
25,8585,0.7098354369353366,0.7548569102821542
26,15038,0.400961840804302,0.6219920767961155
27,3616,0.1660829619605387,0.32791096891918053
28,2676,0.1670368883929839,0.3318938589840028
29,12682,0.9112517585767688,0.8572832808240834
30,2948,0.4104723055265782,0.624965297432313
31,11790,0.2281315997145034,0.3769086419334848
32,14954,0.241665063498535,0.4750756466126331
33,6367,0.5089719929526475,0.7130268234953169
34,9997,0.6806264796843006,0.8101727115834633
35,8485,0.341976579937078,0.5917520503119575
36,14778,0.4228073954774404,0.6939365523741594
37,14041,0.1701771578017942,0.2864462815116333
38,6529,0.6036342155269725,0.6210901083085819
39,11518,0.1842703646233682,0.6246214480451764
40,12227,0.5520932320741095,0.6422448477076613
41,2861,0.2911604999686695,0.4203695372982673
42,6339,0.4537516902644155,0.9165869082167424
43,7584,0.4160852030072942,0.7270474351515263
44,2932,0.5691185608587098,0.5786443186341195
45,9862,0.1790116623688161,0.18891684899111025
46,4375,0.4650523607247027,0.4778936556292614
47,11930,0.2371011197946401,0.35838305689518957
48,11281,0.2582616521444688,0.4356497813414354
49,6333,0.3950189814992084,0.8272310998916433
50,12959,0.6961883911918044,0.6543644538453647
51,14102,0.7020339133662645,0.6656143104265866
52,3635,0.5140163984468341,0.5174829769795427
53,2684,0.4661967500705744,0.7298188897196585
54,10797,0.1964843599234373,0.39901366191723914
55,1213,0.2437325771463232,0.2564308618830345
56,4671,0.4298108832231986,0.6524588296461674
57,11113,0.7704627763646202,0.8392968274385163
58,4139,0.3058954691100837,0.48928357474158146
59,736,0.5191706134298522,0.6655487165824842
60,15553,0.5006622281623502,0.5631853788121547
61,9595,0.33207094188863,0.44933426430391843
62,1261,0.2107408320536989,0.41209315199119767
63,1889,0.3371181436898778,0.4001781094498441
64,6594,0.4788466904310721,0.615869418601582
65,11570,0.6170277907760012,0.7301473897383727
66,9234,0.9175223268198748,0.6471624891879005
67,4762,0.6753134997445945,0.7626283125667069
68,16027,0.3681408346472518,0.2651126632295845
69,5550,0.4134716570181723,0.6835826401242544
70,13525,0.3976943059147509,0.468501917696812
71,88,0.5614302891092927,0.6316143475923912
72,13853,0.6222112780386377,0.662951284529973
73,11032,0.2064715071084972,0.3399856405775774
74,4772,0.1873050658296961,0.2866131245541787
75,14666,0.3304129003332302,0.3715359938349118
76,14796,0.2139442988839751,0.29136374067491144
77,11266,0.188067050308766,0.40742398333719954
78,11226,0.2161496254845923,0.33112608815049377
79,12524,0.4738811434381736,0.5732156196502366
80,720,0.4302940448482079,0.6282259936991181
81,15927,0.3642301843283994,0.3797485891967073
82,15990,0.6613350029278552,0.7550783881861381
83,5958,0.1912901740835994,0.33626749816776363
84,10522,0.2306875473354311,0.35204763931708943
85,6872,0.5143124381874432,0.5315528803891958
86,16072,0.1542362974355651,0.3769086419334848
87,13096,0.4939071828540128,0.6962280154095488
88,10251,0.1661583980049737,0.27830965534420243
89,123,0.4053715413941635,0.5624027933738608
90,3369,0.491064524268806,0.6908343721183607
91,2626,0.4900557597552727,0.5993783711512932
92,1748,0.508383897253081,0.8612244431958868
93,5613,0.4238472640771438,0.6111406020132433
94,8299,0.6183465961149783,0.6521438568907626
95,10356,0.5525488386079974,0.5794841489881366
96,6415,0.4215550751082998,0.7420096414095114
97,2087,0.5129835840741935,0.8047700053302899
98,5228,0.520228285481696,0.7259111327210407
99,2589,0.980020875493108,0.8132914850159962
100,8019,0.3499763312389266,0.479085830689741
101,11321,0.4941491475735768,0.6630613104317734
102,11076,0.217444432663137,0.25781431361118995
103,9481,0.2988513872017214,0.5631124909601402
104,6037,0.2135865749241486,0.2752070395537981
105,4074,0.1944496682119594,0.276952579850103
106,6866,0.3832961612319782,0.6205402640557766
107,4193,0.4555152520427514,0.8594925890568188
108,11468,0.4943786964901965,0.7581903686672541
109,3842,0.2073674194745402,0.4296551084845305
110,6436,0.1497260600353851,0.2527909718402387
111,10884,0.2428156494635923,0.42994399446112286
112,2189,0.4861158214391498,0.6578246341671178
113,15170,0.7419845587867255,0.7613127166482082
114,2453,0.4020841339053497,0.466645403129359
115,11784,0.4197436072150154,0.687953720377232
116,9612,0.4380211161042124,0.40841513385849654
117,13119,0.2041162970206709,0.2168584094942334
118,6630,0.4075234108253256,0.5439603547273586
119,7709,0.444571437510511,0.7590144810001231
120,11087,0.49561343220144,0.6861484736171609
121,2145,0.2997606431035922,0.7162627770620917
122,14974,0.2019847039951751,0.2954252486000659
123,1655,0.3203493045184833,0.4160529621451908
124,12058,0.447893571383711,0.4987804596942986
125,6741,0.312859409154818,0.3126927849750742
126,9682,0.4063383409214522,0.4933271223187608
127,6831,0.2236801589573012,0.33804541180714626
128,12973,0.5550135882767094,0.6507043803262108
129,304,0.7005658297809376,0.7999971867860032
130,14399,0.4138525857677712,0.36460270070893386
131,10546,0.2736715643317758,0.3382739417470781
132,4353,0.4028556253271571,0.7123982309411654
133,10550,0.3516169299382312,0.4885562497455198
134,2405,0.3404804340137446,0.5034982260613825
135,6803,0.2022464844343478,0.2521136990207777
136,426,0.3346923223358357,0.3354822406483556
137,5747,0.4507489560572902,0.5521709985995265
138,5375,0.1548943792858965,0.2550228865243726
139,12176,0.4937623911448345,0.5064587446632819
140,12184,0.1847723812373958,0.3853624888541765
141,101,0.1645461826670325,0.399312340664093
142,5459,0.601474696474448,0.6804809501794286
143,9368,0.2128226598990624,0.3269046886489783
144,15989,0.2076596803494776,0.44700881430784895
145,7716,0.7613886744768797,0.6635891508183804
146,14847,0.4890958257924892,0.6026332419279676
147,15845,0.1860795364350053,0.7176674064198062
148,7885,0.2228372691434089,0.2946143724686235
149,10263,0.2568972515989297,0.40071348439064314
150,9717,0.9485982972677868,0.7518795000860118
151,12409,0.4085046398704982,0.8789168257360197
152,10005,0.5057701615225196,0.5319989136339895
153,11265,0.5591949734031663,0.690125759561065
154,14218,0.7080495205972627,0.7023212456523052
155,1935,0.6318837230508472,0.7869015958186568
156,10252,0.4162840288545206,0.4416107110414846
157,6162,0.8621480895726111,0.684543455941083
158,9318,0.4033874497923703,0.5157111543937999
159,7671,0.5170137394687383,0.8113877859720866
160,2154,0.4445598741583199,0.2859361767973293
161,3745,0.4494073938758352,0.6715799158851293
162,9360,0.2503801945259726,0.27326764806718756
163,5094,0.4150100063275,0.6615631727727516
164,3651,0.4034772148169663,0.45581965052567414
165,14022,0.4587638164947719,0.7218804615820023
166,5963,0.4286603761169184,0.5189366512974717
167,2177,0.7674554318641175,0.852825775025063
168,10548,0.4323428729979792,0.793768303511951
169,13291,0.5413859885310194,0.5440251019242686
170,8009,0.2325343151691086,0.32599116695944513
171,14553,0.4787568916506494,0.6066830618593312
172,15476,0.5661211867232993,0.8630519303213701
173,9383,0.235752795519384,0.3664404530039131
174,11340,0.4220602433871142,0.6803218485008896
175,4089,0.4581592782187396,0.6990796695129396
176,11967,0.4234945670591669,0.6156617358413532
177,9418,0.3139933618450324,0.33616100206034333
178,10496,0.548898781478784,0.6385748212508727
179,169,0.3004617539832451,0.34422526509350776
180,12278,0.2764448555896945,0.4322873949233406
181,6202,0.5274919259804609,0.6004894781605405
182,4863,0.4966159332965102,0.5183518892729548
183,1199,0.2060200633663056,0.27927453828896004
184,735,0.6982682555418479,0.8095092350242336
185,5562,0.6771031064690426,0.6519330917828173
186,7300,0.4753094056051027,0.7170485776102695
187,2439,0.612980260809302,0.6320270108344573
188,8284,0.2864612292636029,0.47025900510359275
189,10721,0.6317953427009463,0.7735602767274342
190,15910,0.8385328804218108,0.8417690054032511
191,3288,0.1878531149571006,0.5186405424058264
192,12036,0.1418736462058302,0.24621017315033
193,4337,0.3140742116385946,0.3140794652299373
194,1984,0.2083753763557282,0.2567799919396509
195,7953,0.1631236112919312,0.23793362957771522
196,6070,0.6587208481000698,0.6992915152244277
197,8372,0.1523632340174871,0.2604964556856728
198,8541,0.4512091566839605,0.6869237832681261
199,4329,0.6980839410313338,0.7571371902605698
200,5015,0.4272803172685804,0.5939934930099736
201,6853,0.3625356076718802,0.395267635724396
202,5900,0.3141261253199093,0.314126396920677
203,3449,0.4068137247944817,0.4054975340112034
204,4119,0.1525224224988941,0.2198990987254995
205,5652,0.4947785565910939,0.7549558590320846
206,7792,0.6106652476992076,0.8577714118422665
207,3865,0.4160981179520889,0.6751866930403001
208,387,0.4797914238706655,0.6641986688612618
209,1632,0.1437307163354328,0.3269179896131756
210,150,0.8134056480546835,0.8117039487722041
211,6685,0.5132592056024015,0.7526600950685444
212,6050,0.302575585543504,0.47167976935464856
213,13195,0.2922014947111697,0.2921860479895397
214,7887,0.6926769601795829,0.6956980905755434
215,14036,0.6177136989425506,0.8728611414675149
216,13702,0.2521767571814283,0.7514618701738648
217,5598,0.4171941501584277,0.4590370594524863
218,9125,0.7337298946141587,0.8549325234784375
219,12121,0.1881231026055998,0.2528376753121431
220,14913,0.4714443700180379,0.6957271937328436
221,6501,0.4594986699993718,0.7505778227578732
222,12291,0.4361388913955435,0.6699231038770183
223,3468,0.4463710782665015,0.6275158867770556
224,15829,0.1884854289912561,0.2291216094636393
225,8922,0.3586276485204349,0.4690387941786312
226,291,0.6156728635377897,0.7811361222300309
227,977,0.1423916920187992,0.4251287841428529
228,14149,0.468723991205357,0.4942521459111462
229,3463,0.5156071664385766,0.5940125601725468
230,6902,0.4923249423110888,0.6394816552286041
231,15824,0.648571834882995,0.8103357605981174
232,13495,0.7711412513023164,0.661944462447524
233,9870,0.2066689297494782,0.316925662509736
234,11838,0.2121775076360931,0.39655169126143613
235,14870,0.6835798627940017,0.8140703073143323
236,2595,0.5522245266411445,0.8200050914611915
237,12501,0.5143619945847885,0.7820662180201331
238,13190,0.6199088334857095,0.7618615578372643
239,9314,0.1622389749735175,0.23926939446271814
240,8000,0.45140150081978,0.5145903157477316
241,5098,0.4505340173902115,0.4524097146569992
242,14850,0.5920182371329414,0.6652290953107378
243,8897,0.4504361293453998,0.6554042407259693
244,5323,0.2482214435298136,0.42918901350157357
245,13396,0.1742918646747384,0.4319470810758064
246,8665,0.2346679712700328,0.44474665641828426
247,10499,0.2526710492720118,0.3177367337264487
248,15813,0.4779193701256918,0.5639048338749416
249,4215,0.6054822573935539,0.7191903942597268
250,7936,0.2585745683734486,0.3644612744167857
251,5849,0.3637632199361398,0.538240478863492
252,11429,0.3242415512092071,0.43570738444535423
253,2334,0.4612828011812148,0.4682364321193971
254,13230,0.8258808370640084,0.8496664050793504
255,10806,0.3875478195290748,0.5437748744722657
256,15782,0.6428201941878052,0.6690271915360244
257,6466,0.8348994210067019,0.7352000687519067
258,9709,0.4654795430005441,0.5431810671598595
259,11620,0.3282043390061426,0.4411844353450685
260,5868,0.704189587132853,0.803154169890982
261,12119,0.7031740221372618,0.8626412684229128
262,7372,0.4244844171549021,0.5861593375486179
263,10483,0.2058905861919532,0.34658489240223406
264,15452,0.1986866594319352,0.46395406322671984
265,7444,0.4483480339071055,0.4509886286763759
266,4400,0.4554247522269645,0.5945110455129082
267,15308,0.9833861252120422,0.8358793862479806
268,14718,0.4119368485773096,0.5290560891416647
269,13157,0.6072223126100358,0.8612796169580887
270,7150,0.4654430512418063,0.7929116673686555
271,8992,0.4616059177415778,0.6570509510541703
272,8589,0.4839880502289724,0.6632947082409252
273,5363,0.6237866844628444,0.6693509994220229
274,2616,0.4723579331282787,0.8251384111456938
275,5165,0.3496011961430378,0.7487686286141818
276,10095,0.4633143069696309,0.46941711663357905
277,2174,0.8286838870212911,0.8504742145985914
278,9355,0.3423136794723923,0.6615663448253176
279,5333,0.6234868708772104,0.6951068721163203
280,11980,0.1523093759863305,0.35088678059307105
281,10423,0.3537713623619754,0.5070164741504024
282,12742,0.4168605490353507,0.6898214207328048
283,12192,0.4985873756095853,0.5131761368841012
284,15463,0.230466593085875,0.23372313846553022
285,15766,0.6945130512705786,0.5717027215124197
286,9661,0.641317794327961,0.7078694490048718
287,751,0.5662856113917455,0.6173132712431264
288,6883,0.5685530735231311,0.7053657136324336
289,10907,0.4436868750822595,0.7113641129981992
290,11243,0.1672346634808028,0.2440686369714728
291,14973,0.3340720863344999,0.2892701226609555
292,1411,0.5930530459017765,0.8195837105649396
293,4304,0.9802465430623238,0.7354751860158599
294,9880,0.4156591612770665,0.612079401931274
295,7181,0.7208927254842454,0.7194416211518998
296,4162,0.7732557798508434,0.8545945043648144
297,8373,0.2646717510862504,0.3141667504106291
298,9814,0.4856729907149783,0.7912215540510358
299,1320,0.4758301216554836,0.5931844069804784
300,7741,0.2619865665132964,0.2633974745919545
301,6027,0.4568237163992029,0.6522918978029026
302,11909,0.25735601925195,0.3394295632077774
303,9088,0.2364446542727408,0.3270554282484525
304,7201,0.1819736370713006,0.31404442545264727
305,12783,0.3996411308905644,0.4889554364301773
306,11507,0.3263881882301502,0.3199430514863293
307,4977,0.7121314221623886,0.670275920538436
308,12449,0.329857421714973,0.3818903148340744
309,7581,0.174275493705147,0.27631739109418474
310,2450,0.3697360901918267,0.6852128840028127
311,4840,0.5498356295878356,0.7732305615176152
312,127,0.6522757324646343,0.7102467911297903
313,4034,0.3561337667945289,0.4296130803375218
314,9778,0.2183917696267855,0.2691292475460948
315,3445,0.7530691075813436,0.7601514588872428
316,99,0.4023143575959877,0.5065548234756054
317,6558,0.3326213332742059,0.5037436627811972
318,7598,0.4602662397600666,0.6270450973544452
319,11250,0.205613197026965,0.3985778539640977
320,11696,0.2602670577075419,0.39375772821476396
321,10885,0.2633449962198362,0.3951841118933465
322,7856,0.711786194804106,0.6391871940097438
323,4520,0.3238625235500865,0.5829487178793491
324,14112,0.2221389171470717,0.604161684483954
325,4097,0.6872933958691645,0.835278608242787
326,7273,0.5115957280143533,0.6970364520067942
327,5453,0.4573607086235582,0.5201406966681589
328,3404,0.2334510522027197,0.3539009520257818
329,4549,0.4683707689591459,0.6006040095917999
330,10140,0.3736128877167054,0.6385474363552432
331,11370,0.2016924903782734,0.4607234044149812
332,9688,0.6219546324844817,0.633995710110064
333,9000,0.3914593747533108,0.5220187491228273
334,14935,0.6069132602728607,0.6081758715735586
335,251,0.385854163402051,0.6764925689741267
336,5659,0.2373417898764301,0.33474817901494863
337,11513,0.4948980846112936,0.7590359431224514
338,10460,0.4597531803168151,0.8908935516649908
339,15416,0.5244238414936301,0.5279268629170969
340,7007,0.4041948815380392,0.668289156376205
341,7838,0.4010432728658192,0.4787890816768478
342,2227,0.2425497091776425,0.3483611422660903
343,14518,0.5542766568712204,0.7031833996640084
344,11110,0.4542773597916719,0.632752696216646
345,4560,0.532055033460147,0.6484156848542626
346,2448,0.2150540247900827,0.29541797216981175
347,6561,0.4366337835833677,0.43722940967833096
348,8268,0.6102847084255286,0.6758713010309136
349,2859,0.5202541466513152,0.5992456014951663
350,13710,0.6035967581042095,0.7329877126873028
351,1071,0.2031713696139588,0.27653805134351167
352,6181,0.4147529313443379,0.44136907385106167
353,1358,0.6035516063823229,0.9198573594211976
354,14393,0.4757254056850206,0.6640046028214077
355,12225,0.2630091336512306,0.3162592931775407
356,2856,0.5209816565557192,0.8425510525699879
357,2308,0.4831286858205807,0.7086561241395638
358,9246,0.5075659525322187,0.6948297764061093
359,15163,0.6189071305465793,0.6854106923551987
360,14122,0.4847815835615265,0.5653359123281148
361,3194,0.5632663157371262,0.7042387511966632
362,10240,0.7077774003330168,0.740218470241977
363,1163,0.5858125952596945,0.6755700540335234
364,6888,0.4428015550225265,0.7340025387992726
365,3698,0.1548097910097833,0.298428700471492
366,9445,0.3503536566390774,0.43753698984039163
367,15526,0.2387348724548891,0.2586709181763013
368,13368,0.5067903554080472,0.554840059544815
369,13048,0.1919469447573161,0.23992644282179654
370,7292,0.2399221006478444,0.19589370765786002
371,6818,0.6364559691892049,0.7498748176967078
372,7874,0.4345234468085565,0.6493667479891848
373,1983,0.460535804423227,0.7692811344673959
374,1684,0.4290090025064461,0.43638948001964045
375,3656,0.2117304740379061,0.28198708558533
376,11963,0.3967461576484107,0.45087836354764377
377,15960,0.3219906218823171,0.6317493825259899
378,5564,0.1944921847080606,0.26844608541949605
379,3898,0.7730856746185232,0.8028812121965127
380,2830,0.2658778021037188,0.6200967546761927
381,15230,0.2652746665737805,0.2756539630261189
382,6177,0.3974794502297598,0.6922691430334453
383,13098,0.3687535801607058,0.37448338888569166
384,1720,0.4164348640492326,0.7774624110554963
385,15175,0.3694500653154584,0.2743668773552621
386,1346,0.2793875429098089,0.2793809945973305
387,13893,0.7956382792640319,0.8410119683962336
388,8700,0.1860156976122625,0.4157660190793298
389,2319,0.5874837589680536,0.6755700540335234
390,11020,0.4076401758777371,0.4314261579659366
391,13416,0.392728900794158,0.49311972491324313
392,5888,0.2077313979437688,0.29862365669469904
393,10810,0.2385173160069341,0.33387958168334003
394,10796,0.2157719468237752,0.4186127830724996
395,13053,0.5570304412552213,0.6544375684024852
396,1747,0.4635049779367925,0.6180509577866348
397,5678,0.3482008532640812,0.5394423837313574
398,4012,0.1859440684064283,0.32625146505233954
399,12821,0.6008406336733502,0.7982812155149586
400,476,0.4923834857298577,0.7803298362997444
401,9620,0.6197806414250397,0.792266253153199
402,12247,0.6047249834450913,0.7486398824913802
403,12544,0.3559548245337708,0.44921774345254945
404,5620,0.2549717903748481,0.3765469470436882
405,12700,0.6051001246148408,0.7809104352275599
406,13124,0.4006238384160231,0.6999539978282427
407,14919,0.5843982125885724,0.7140405621043797
408,4993,0.1761375673345851,0.177313801430736
409,2471,0.1783300172152143,0.26396516447901747
410,8492,0.1930977038977005,0.395818018006685
411,14162,0.1559948460391333,0.2444806287682682
412,1087,0.220910004974348,0.3725578690820568
413,6032,0.1545620769729602,0.3316109017585766
414,11216,0.7539807184020417,0.7530808181936793
415,11059,0.2062649964153182,0.4968312498922472
416,2002,0.3448572204640585,0.4389773742813653
417,1090,0.2481469779035256,0.38810803865893323
418,12963,0.2440290713185925,0.47549040909149487
419,1862,0.4762995084105375,0.5056216427761672
420,10243,0.3918937381369601,0.6432377295027443
421,12796,0.4939910140791017,0.8515172533016421
422,14982,0.1518980661767461,0.4248916456365253
423,3087,0.166647193756662,0.22515461210207577
424,3269,0.5278645451824338,0.6039443039778605
425,9459,0.4972893255318443,0.8220358921314125
426,2608,0.1686574984581734,0.22380839483673087
427,1123,0.1514644256274157,0.5008315646654135
428,3260,0.3877855891513251,0.5321481511838199
429,13730,0.5974477951226185,0.8487043420086838
430,9844,0.4391025724341269,0.6509524426830143
431,1606,0.1999147855215596,0.47559820491047217
432,12933,0.3936331812508968,0.45300283027953686
433,16040,0.4939197179419376,0.5418565389621806
434,8348,0.2376645220051094,0.33216581282516533
435,11430,0.2198844478666284,0.4740575927788092
436,4918,0.4005445553469228,0.4668461148856633
437,7676,0.3939886058029275,0.6110203206044511
438,3502,0.3210083356344978,0.4054223536846131
439,8402,0.1875257079121559,0.3288203137960734
440,7015,0.4707574687264368,0.6345407495904684
441,4098,0.6707415578039394,0.48856294419527463
442,196,0.3960057971089328,0.5429376093837015
443,12272,0.2932303373251608,0.5206930157248301
444,15691,0.6112469181170667,0.7563454806672794
445,12217,0.4418192328523327,0.6616466654486409
446,351,0.561620656880995,0.8101127575527381
447,10175,0.4819778152380741,0.6250823840794022
448,4896,0.175475257396681,0.43811484648149696
449,13280,0.463326452734167,0.6304956327520134
450,1488,0.2074979271357599,0.3701080713341291
451,12745,0.2377475761839145,0.32980262914168174
452,10368,0.4447862672830666,0.5557061679506828
453,4015,0.5207216548915843,0.693498539270012
454,3975,0.6467958608621506,0.7246815102303868
455,5180,0.3616132487945419,0.4038834031999469
456,1617,0.3280128584218452,0.37850774523572356
457,12606,0.4660467867811524,0.740218470241977
458,1226,0.361469996227876,0.46469608263327
459,13488,0.5913909532125361,0.5841587947525181
460,11478,0.7467273064508435,0.8247331903562065
461,7401,0.159551739751516,0.2683195929204207
462,11971,0.5587114293154859,0.7192399290044846
463,6480,0.8421308465169035,0.9404031667266822
464,9617,0.6848228339675467,0.7070882081017276
465,10701,0.2029502434036756,0.5044466249725075
466,4044,0.5300550319461005,0.7897427523330232
467,15759,0.2983396884168719,0.34770965722272607
468,937,0.525691496988471,0.7073115026573948
469,6224,0.246722549585569,0.2479697950370805
470,15647,0.4199511440100718,0.4755746913783077
471,5100,0.5541582380877311,0.5326262477417125
472,14700,0.6280649026147284,0.7836479080652802
473,16029,0.3268399179102251,0.41070724176168866
474,2998,0.4102563130783778,0.4353561570412214
475,3721,0.2876580765167852,0.4478055641849729
476,15674,0.5183681741323272,0.5858674153401019
477,7589,0.5193179029273847,0.8019383489997934
478,357,0.5248029619122381,0.644996372332762
479,12866,0.3968030083750372,0.510317224149012
480,1805,0.7139189062315047,0.8111173236079899
481,4128,0.5384554074412075,0.7231824870911675
482,15869,0.4090882764029264,0.5897365767799135
483,19,0.3771854841590706,0.4591344758919101
484,6705,0.6921382616471178,0.731836427334062
485,8048,0.5248194441615831,0.5305685585381293
486,8285,0.4663864979910729,0.4964885190663467
487,3,0.5646812738779812,0.6420369988199693
488,7284,0.3547995264243183,0.5894878985243013
489,14852,0.5550800189088944,0.6879213057104173
490,13377,0.8013151755196367,0.858935894520096
491,1989,0.1670466946166505,0.328906742134407
492,15350,0.3209141857139673,0.43737186567915876
493,3379,0.1490279558560771,0.22763327181979437
494,9957,0.3256437904926465,0.5948228959039414
495,1373,0.4766931470027988,0.7093489842980065
496,6244,0.5181019676561934,0.7814329494604605
497,15943,0.64302582190189,0.665802859881533
498,11202,0.5453794296651349,0.562313508103348
499,4794,0.4494051204612955,0.4523794368000305
500,13457,0.4554101546839859,0.4965929110955415
501,4046,0.6797292549592636,0.7076294222286621
502,9261,0.3517498553541899,0.4005651547747309
503,14402,0.1840225561900212,0.24890919958695806
504,290,0.2824241034610894,0.45815058949867415
505,10215,0.2066029342108738,0.47397465379412684
506,3522,0.2366644850940542,0.3739334456918007
507,10689,0.6677295812219697,0.8953090555233978
508,2214,0.8064506561604814,0.7809107074706051
509,5397,0.5243922427072647,0.6660235829874287
510,2021,0.3592752797531451,0.397405296132464
511,322,0.4881047830547808,0.747602019460235
512,4489,0.6112451581787489,0.6421162675351348
513,14177,0.3527842289544735,0.5522490590763808
514,15043,0.2564325802453495,0.4156350472611605
515,13589,0.4970483522194701,0.7318084351390063
516,15487,0.5675543806474179,0.6419283676548757
517,10198,0.4750301187887097,0.6007639558129488
518,1056,0.3283372772833325,0.4388979855826447
519,12438,0.8041110777857864,0.8811305700034379
520,6730,0.5429096374653737,0.6726031294599691
521,12759,0.1882329555544218,0.3237466364913436
522,1107,0.6287425189995717,0.8665107854771973
523,10148,0.5624896721550894,0.8273431504208995
524,8260,0.1562115161356035,0.3110230494289263
525,10858,0.2047495245404914,0.2506562439370435
526,2246,0.3745879794907025,0.46686359730521243
527,6355,0.4133010452243548,0.48055142327798855
528,15678,0.6499663076811155,0.6667544703699698
529,8204,0.6845585697989385,0.7722746916052148
530,9391,0.1813354720297247,0.3673864177328242
531,10871,0.183070753015399,0.29780365123389935
532,14858,0.3675192330396026,0.7823216102581687
533,7801,0.2896885612231386,0.4549622796363388
534,7523,0.5037061944696155,0.7252172904591686
535,708,0.620294746201409,0.756314712674407
536,12747,0.4867326559437198,0.5108366489510093
537,4450,0.2142647357706698,0.4016252462458638
538,11257,0.4817293638958154,0.5999632799121066
539,657,0.3909744443208781,0.42871588721995074
540,1034,0.4846254456731954,0.5592805003997455
541,13957,0.6317258536754998,0.686556412456881
542,3441,0.1891222555146857,0.34557300429354
543,5112,0.1664427894847605,0.282190253395906
544,425,0.5315540088365811,0.7718130930579087
545,13294,0.4213817620507734,0.6803218485008895
546,11058,0.4078845263326827,0.7509789163917581
547,15102,0.1669812436746242,0.3324280325445908
548,7724,0.5924993448860908,0.7268470883813509
549,12542,0.3891808779498255,0.5645150718698372
550,9750,0.4643637385345293,0.6404856671569995
551,1035,0.3367114111479232,0.2893126837848711
552,2512,0.1721607784487927,0.24874053842751728
553,3852,0.1712392629509497,0.2361071811535556
554,6126,0.5803049025476722,0.6651899925182653
555,2816,0.4302006460010288,0.5059075809941262
556,7924,0.4922462955910841,0.5453863199099014
557,12235,0.7556244939730705,0.7647811355515519
558,13560,0.3200825668060557,0.35390248187866424
559,12306,0.4470752074384466,0.5668303524534667
560,12935,0.1697493694257278,0.4072188920960509
561,13264,0.3490603530667577,0.4732015105702374
562,8487,0.4162750321459224,0.4671170699379996
563,14426,0.3605802579945363,0.40334029818003964
564,13615,0.4972739921298478,0.8338513472851837
565,14064,0.9218226425767606,0.469904109997515
566,11881,0.3102397659970764,0.46067176254896897
567,3859,0.7093499946278877,0.8242239816506541
568,4526,0.862369944338204,0.7679832171559099
569,11712,0.4255936110957535,0.5043108209172296
570,15347,0.3230894042678819,0.44465211673717164
571,2884,0.5443346575950797,0.7784764669215865
572,14416,0.4518734265374581,0.5343588882708049
573,3623,0.4878218751852307,0.9741215669242942
574,15857,0.4204343968725256,0.6714495882755255
575,11823,0.8540820374951887,0.8287471894341468
576,7729,0.2468493758659672,0.2794888421885604
577,13788,0.3424656711730531,0.5063529422063998
578,8544,0.5632341479808833,0.6966992937971513
579,902,0.5133210742571922,0.5752891438767275
580,6932,0.3994334706869574,0.5480818359520269
581,11460,0.2604057527354755,0.3464818058035837
582,339,0.2161025174986839,0.537465659568794
583,12277,0.2196799313498498,0.2985149180668531
584,3111,0.5084769916807999,0.5130775228220004
585,563,0.6175672878787409,0.7254374561048424
586,4245,0.5013565341529952,0.8015944149952976
587,13285,0.4155324481626446,0.4754911310821094
588,3106,0.6192361141802061,0.6657748986643747
589,15925,0.4667683811414718,0.8281394205804249
590,13424,0.3738278718273014,0.6996785120331761
591,4153,0.7545553543328294,0.8582050981541471
592,6196,0.3165994312285856,0.31919247680479035
593,4156,0.5266263279651627,0.6570328077376253
594,8364,0.6280316521012618,0.8339848526104933
595,2252,0.320636073955741,0.4006979718247261
596,14642,0.5130397575683527,0.5725368829994512
597,9029,0.4088870991401114,0.49440764283271066
598,5674,0.3353001018265067,0.6819824156753337
599,9265,0.44151917702875,0.4537304941706614
600,11115,0.192513557294454,0.2761587803697494
601,15681,0.2077039756696022,0.4945018745501866
602,4274,0.4572961073474744,0.6627988746167367
603,7341,0.5909344858082265,0.7167603588550293
604,5662,0.3338704807692454,0.464671182137349
605,1210,0.484286291570014,0.4945877695733847
606,1418,0.3434905803507932,0.42878708904514234
607,9811,0.4062809473587939,0.677307032593053
608,409,0.4432431958171194,0.698298843024479
609,1659,0.3435052631730984,0.5895022197123425
610,4377,0.2780518895170052,0.5045366799705986
611,9883,0.3387568080858977,0.4039679214072585
612,11228,0.164850405420892,0.511570682982776
613,795,0.1592595891992876,0.20668801834454223
614,14145,0.6625023186111666,0.5687013084105895
615,11373,0.4149832636301057,0.6958302859897525
616,11671,0.6544165635165894,0.7901771835157579
617,3753,0.5361711829646819,0.5982364627359391
618,12400,0.1527718573716014,0.699302913221195
619,15055,0.4956074157291357,0.7166431251261883
620,10065,0.376204852085538,0.45280090970365267
621,6351,0.5852294620744702,0.5732546977281914
622,177,0.5937178179339794,0.6729331689119102
623,9039,0.4429496323341574,0.4473829582539259
624,13543,0.4008811141180839,0.43302366512925095
625,9233,0.5420304294325707,0.778169697999466
626,6259,0.6194499162799318,0.7761115657471154
627,411,0.4611696217665667,0.4028780881662008
628,14199,0.2636481493758951,0.3717418393483336
629,3233,0.479538850774263,0.7019324592617611
630,12067,0.3746203904126784,0.3758255895890779
631,9994,0.4078063406260303,0.5068266674310188
632,7923,0.3568604040116416,0.48531824632339615
633,9149,0.3536959460398957,0.6072364377062875
634,15478,0.1988444010604915,0.4825205801037932
635,7261,0.4612689074772723,0.5335540625693214
636,15268,0.2589779148041894,0.29397992934843387
637,3334,0.1789041727302269,0.3631128901638689
638,640,0.8325354332247066,0.8404608326088354
639,1236,0.1628435720348551,0.298022680699622
640,13037,0.3637896337761955,0.6623354737739262
641,907,0.2777705404132657,0.4874844133085492
642,280,0.2295468893014773,0.33123128749256
643,13751,0.2116618940160116,0.24442943076832577
644,3207,0.2966456780132868,0.3277200618239821
645,11940,0.5345795225350072,0.6755806711378413
646,15481,0.6547850081880155,0.7335110190270184
647,1370,0.916211967893171,0.748077525729939
648,3617,0.4667305996854718,0.4732015105702374
649,13968,0.1701972530708897,0.2262377914844286
650,6491,0.3971648569865186,0.6541435039080353
651,12615,0.5087498377813265,0.7805703359464717
652,13309,0.4075954712957055,0.6112447104915298
653,8653,0.4869991688575509,0.8385003644862029
654,15062,0.3733278770296083,0.5514630173321744
655,1372,0.3532581681754604,0.5798365189708974
656,7174,0.5025719796733563,0.6160338356322512
657,4693,0.5776675600792333,0.7997890791774102
658,15016,0.3739645760743047,0.6546450934807155
659,11879,0.4516075522927949,0.7383372649072479
660,11799,0.2523238461110343,0.66381310107112
661,11588,0.1967968273913476,0.271215648713819
662,5236,0.7717665209953462,0.859595913284205
663,3059,0.6334685601220326,0.7159909129741341
664,6850,0.3866876978272686,0.5475482947065992
665,9891,0.1675766602129444,0.2722027058296701
666,15710,0.3206515084166046,0.3994563778325249
667,12965,0.6604248797453893,0.5639570590072777
668,2254,0.2793870642487049,0.2794022689248203
669,6418,0.5991020346321051,0.9020721107882664
670,4715,0.7068938353295336,0.8193732694337404
671,4755,0.5806287063095665,0.8491051008163054
672,7872,0.2375598480151443,0.2545997267733575
673,4514,0.364803724245986,0.5523324332858525
674,4338,0.3779260950874705,0.6177478137981338
675,11978,0.4704981253559804,0.6618985347267695
676,4464,0.2615489164599875,0.3451828399426824
677,14394,0.2623444824987214,0.4006979718247261
678,14711,0.5090795700095673,0.8432462210683297
679,10089,0.6927108193920078,0.62802727385822
680,8409,0.5560623000708621,0.4526042655606851
681,14517,0.2633736494034299,0.3269179896131756
682,2467,0.349912541570979,0.4205089632914731
683,3485,0.4881714766828958,0.6539973632109303
684,9412,0.3237144955608829,0.5912170312142176
685,8948,0.7453025733588979,0.7913122244170873
686,12840,0.4989408867541455,0.505301013711357
687,15838,0.754401825881361,0.7680117116125889
688,9248,0.7047873571245742,0.7094759723335277
689,6554,0.3811157202395599,0.682424388802193
690,3597,0.3580419868365525,0.43611811747492213
691,4564,0.2646266569084105,0.406012475801444
692,7934,0.7089788304867786,0.7816600532248041
693,1398,0.1499500082446105,0.23180839599830663
694,7025,0.4483901314496309,0.4609655101328085
695,14433,0.2532598548949474,0.29495881228873233
696,5612,0.599044703309517,0.6277885417119865
697,13358,0.5461578014923041,0.6365958704584782
698,4629,0.4803295374416128,0.6546385780685893
699,1119,0.222301337385801,0.28701947694064867
700,3421,0.6484549336004608,0.7322370609018658
701,2034,0.407327396275861,0.4792201775214353
702,6335,0.3329156308390192,0.5706469587051153
703,4387,0.1795995502852328,0.2677270987361108
704,14212,0.3882360164998669,0.5291708436302085
705,6824,0.6548248865599927,0.8071963487298053
706,13533,0.4411090340661445,0.7334566649429469
707,511,0.4469180238449842,0.5703445275346256
708,914,0.4598119797026625,0.5624474395413551
709,15407,0.1990000457431046,0.2618468851608004
710,2312,0.6987560858417128,0.8446011403451262
711,6176,0.4855258138765125,0.7879066774874681
712,9574,0.279480784068645,0.2794697916136671
713,9731,0.1669854827204342,0.22048079476777707
714,8437,0.4153319642862884,0.5942222176970252
715,7388,0.1645263000317885,0.7004853522485234
716,4625,0.1860865432317319,0.2934499627169688
717,10437,0.4792356284935662,0.684569999061318
718,862,0.2468908350689204,0.3238968867505071
719,13627,0.3745967258143919,0.8400713836499833
720,11850,0.1889248626191064,0.3103556034330286
721,14823,0.5983267043337868,0.7152631017780315
722,11292,0.3612147036946528,0.47636885477104707
723,11316,0.1701445527168066,0.2755390580329191
724,10381,0.5953053410014014,0.6212670149929794
725,6765,0.9645043963408008,0.8009829262103293
726,5715,0.5286393776058634,0.6208005964612449
727,9052,0.2943093543601338,0.3453747164918564
728,7453,0.5798765750858081,0.6135354690238722
729,346,0.2185216316155873,0.2780152975760241
730,7507,0.5426406201614986,0.7037190272738016
731,2270,0.1995550774206252,0.21998846070758968
732,14446,0.2247554720214741,0.449480393335627
733,6188,0.3970485993698951,0.7322370609018658
734,1086,0.2053712812994563,0.3571601734027047
735,1807,0.4691171194253137,0.7053461273944371
736,12471,0.5623703711248742,0.8606148950183659
737,13611,0.2263656995331893,0.27417123111900105
738,9733,0.4289519949105972,0.5955879275581197
739,1698,0.3274143484556345,0.4139595320327853
740,15891,0.350621817618773,0.7188931302327833
741,10832,0.4458876045919493,0.7677949224312426
742,8375,0.4882760622981779,0.6512302250685535
743,9425,0.4563200079489844,0.468074246703633
744,5278,0.5464957222490067,0.5394640544145395
745,1547,0.4406915469156832,0.73020406079212
746,5748,0.3153754283749181,0.4972898991305104
747,9423,0.4668361378479165,0.6180838243115485
748,6702,0.3631510916902781,0.5522355129712316
749,2081,0.7341456622722595,0.7340686056136019
750,6119,0.2108109885154168,0.361778564698541
751,13246,0.4715355327304236,0.6810624249054823
752,14105,0.364578797616761,0.4460960798297056
753,1323,0.1798542526534107,0.2772431530462229
754,7831,0.5411913107744025,0.5476681386010326
755,12918,0.3450332564278246,0.49442291676976874
756,7172,0.3883077818534517,0.6198855874491435
757,11782,0.6033580218356177,0.7830753698700742
758,9754,0.6569873204250621,0.7310968860421682
759,1302,0.1567865856754068,0.3036976787816822
760,7109,0.3079941217801086,0.5987136245429361
761,9812,0.2525929893514506,0.23046554111667028
762,379,0.4370795743123296,0.4202118652851567
763,6389,0.2461277729625259,0.24987167344815953
764,5847,0.3375475748143187,0.6087786113169036
765,7375,0.1876945790548465,0.470670358460466
766,9851,0.4711667038218225,0.4022869635767085
767,15147,0.4208479137253217,0.5994306469223832
768,6779,0.4998598778952374,0.4890297407568869
769,6745,0.329360242786783,0.3318938589840028
770,13310,0.394002847088697,0.6011046680975112
771,11804,0.5194876136750121,0.6419563153349341
772,542,0.1667440551432116,0.24707293133275018
773,5992,0.6547468826817541,0.6542411132651327
774,11512,0.2101839273787445,0.2543028662879794
775,47,0.2047174553034813,0.24639030559777747
776,9679,0.3961595706580643,0.6789810882540598
777,13977,0.6197480297106975,0.776658091765767
778,2267,0.3732618850552446,0.8395279275776591
779,1006,0.1722630162992789,0.36210276132693836
780,13880,0.3656465434681962,0.6986141045887035
781,5265,0.520747165372877,0.7561385540426571
782,6264,0.3855270981896195,0.49338585781424577
783,15867,0.3927441496102779,0.4709213524829347
784,10311,0.2450311151706186,0.2835640430574449
785,1624,0.1514025769917991,0.3968792806635198
786,10141,0.4794039859683398,0.5369393543874051
787,2988,0.2078949373364318,0.2169532909756586
788,1730,0.2790569619641223,0.33169261483717805
789,6648,0.4716470721918794,0.6264379743362537
790,13504,0.478249618920145,0.521254891201693
791,1714,0.9959957338952484,0.8647179098342282
792,11301,0.5788543593112413,0.6304563205022137
793,9264,0.603793348212054,0.6667568192963956
794,6672,0.4410964034023643,0.45858110059412505
795,10618,0.7018775807379088,0.7225271961042606
796,14689,0.2384617728021354,0.43323978660839585
797,7028,0.5942460333882378,0.6833129643277519
798,10950,0.1595111961528546,0.2749501376080996
799,4123,0.48618593836625,0.6685779631211162
800,14918,0.2005032929851126,0.23327141241901342
801,10489,0.9151978267228568,0.7788833382991585
802,15370,0.4649818891162917,0.662272728279347
803,12270,0.4293404527060743,0.702795096235832
804,13273,0.1938016601880132,0.6672399048616341
805,12697,0.1570505243409038,0.2861346437525697
806,5809,0.5381112161686696,0.5404559138781078
807,3481,0.5737111939968597,0.7572992490571128
808,5921,0.2707591661443447,0.2740561412929125
809,1921,0.3325535271229224,0.6063978015902912
810,4750,0.2025889985040405,0.24312761355871026
811,13077,0.2508071262951415,0.4976590031105404
812,7309,0.4763135288300315,0.6721236094143772
813,12727,0.5191940864763854,0.7998476616879782
814,11063,0.3528090455580873,0.4178466679427636
815,15904,0.3957218264102611,0.39058818846327
816,3069,0.2336005995495556,0.24387716166233578
817,14007,0.1695960310878182,0.28034657674908436
818,10623,0.4740959365725676,0.7596528767672339
819,6350,0.4437964833647077,0.6786245391896955
820,9565,0.4995557651469789,0.7331352425488981
821,11025,0.2793705982072815,0.2793920625731854
822,15472,0.4929644472277588,0.6236091612705222
823,3643,0.5113363207988819,0.515656323584056
824,10387,0.1556948992775736,0.2149092738415408
825,14538,0.3807360737171552,0.5631896873039112
826,6613,0.3593921119202478,0.46780119294651384
827,5384,0.3891020411814483,0.452704264708725
828,7100,0.3842025681641326,0.6110357278048317
829,13534,0.5269710672006905,0.6376202231249656
830,7810,0.5907909658861923,0.5133703382566551
831,3905,0.5622786775133959,0.5741120286317978
832,10283,0.4423703681683242,0.8612244431958869
833,2086,0.571215140438245,0.7200013109924036
834,3669,0.3315238153916309,0.5017657069680589
835,3418,0.2793520388834888,0.36365461660123816
836,5332,0.3814140311643899,0.49693521427570636
837,4029,0.2534033303811619,0.29883566375617476
838,4189,0.2046434652587291,0.2867109928637254
839,1769,0.5421129774324698,0.6791256399212462
840,9004,0.6237287356033095,0.6673673492569792
841,4359,0.2369836438077226,0.2949542199382537
842,4455,0.1871000804669291,0.3872362308355212
843,3193,0.1670893494748762,0.27623556620075906
844,6647,0.2204519988639053,0.24958134449418917
845,14934,0.4869847806142705,0.7802963562967191
846,10903,0.1894541495471036,0.383450727649935
847,12858,0.5489913962781369,0.4911944202627216
848,9022,0.4429065033535594,0.5360200400717192
849,13272,0.4719570418797571,0.8260516545029809
850,293,0.3796172374433295,0.3771827648698896
851,9201,0.2035940549925813,0.2554852626023133
852,8542,0.4318884584311928,0.822756646926082
853,7248,0.4871398359255623,0.7590144810001231
854,6338,0.5045348167677032,0.7852260308195863
855,6249,0.1832769834740096,0.2499760301267099
856,3351,0.4385317979243429,0.7541278892875634
857,12791,0.2296099099002124,0.3951841118933465
858,13790,0.3064931363664822,0.32571189230829367
859,8934,0.8696111017371015,0.8610086557246079
860,15834,0.5090201190790343,0.610827925126614
861,2325,0.2793783445365623,0.2793807292227449
862,1402,0.1949459480979782,0.3438094924996595
863,84,0.4271007840181435,0.7683448139858048
864,15777,0.4924624360928344,0.6896077988134478
865,9834,0.4035812828184204,0.5950135219877865
866,8724,0.2951656053297715,0.6246214506110043
867,2183,0.4452599714302077,0.44699606071440345
868,7163,0.7299190331672435,0.6511257885008602
869,14602,0.4288488529276625,0.4599894839366305
870,8169,0.5514768548735802,0.6574916942549499
871,6051,0.3712913438868314,0.46667619172842095
872,12967,0.5393915969256532,0.7191354955777306
873,8253,0.7357774824317702,0.734841973078723
874,11814,0.566144085736066,0.6464812983452122
875,8108,0.5308224464511395,0.726671774858606
876,14981,0.4664484726622607,0.8100182041411458
877,5297,0.3796709358891859,0.4266367951537661
878,6778,0.3300628987264289,0.3346852105180496
879,3402,0.7828526748385052,0.7928807715674073
880,8816,0.4465633412876262,0.7381850882494128
881,6253,0.3345921549451551,0.5058224861480168
882,12800,0.620398750401373,0.8565194057548529
883,4328,0.3947128630153805,0.561739657377678
884,176,0.5629200876753687,0.7298270562072001
885,6013,0.897151967067627,0.9095827663927135
886,2894,0.1473922475930021,0.21814687564154767
887,3819,0.3559105216884473,0.6216398757346074
888,13762,0.262203620824788,0.4359302120058599
889,13026,0.196781719311383,0.4311404447657296
890,6896,0.4812457069832761,0.5792994525422601
891,884,0.3321940593831546,0.4304845081209404
892,566,0.206703756016882,0.31622620794231954
893,2614,0.5859056582010084,0.6565054280338452
894,1328,0.520880837234496,0.7079998610006553
895,9835,0.1934840255935686,0.3292924450819446
896,6762,0.1467410810462416,0.2714019645845498
897,7414,0.4127242579876315,0.5018173043100456
898,7488,0.4356844457509418,0.737549691762305
899,7558,0.4113754978030458,0.430297730962384
900,10441,0.2150126078544085,0.6901754094067509
901,15980,0.6662915549821333,0.8081949120912001
902,3532,0.4403618297312064,0.8183308085411267
903,1310,0.4274841324638399,0.6292799007014453
904,7732,0.3578744374868555,0.5883929763704093
905,11121,0.2688597695610358,0.3574882337597906
906,11652,0.4698844329615767,0.5106597601555106
907,2791,0.4932530711534693,0.8096940603851751
908,15006,0.1641906080281865,0.4537742444916599
909,5438,0.1533776731548162,0.2943609394480462
910,149,0.6228933419236864,0.7826767278376713
911,4679,0.3651615251804698,0.4550639361738835
912,10463,0.5226669192266838,0.8651675693759624
913,13194,0.2525067466438941,0.3909313003658346
914,15622,0.4399694832578829,0.28697950713564047
915,15484,0.2124754191232892,0.28489671122747745
916,5117,0.4831024766864908,0.618253455780077
917,3165,0.2359674333761065,0.31225474416594273
918,12253,0.1467301487120614,0.2096494181858305
919,8779,0.1677451333886526,0.2784908671930199
920,15672,0.4598691985955287,0.47120397881981824
921,6517,0.8348833787270349,0.8255267082546823
922,4269,0.3977066175232555,0.5265706280822392
923,1697,0.1895438075845637,0.3922028780531463
924,9070,0.1782510231451255,0.2305650992074585
925,9767,0.6760704462876882,0.7296413836193916
926,3169,0.388034263727536,0.6291553951606401
927,2288,0.4589688340496433,0.645149010326794
928,9623,0.6845245702174999,0.8105759277056749
929,13524,0.223047122513899,0.39383048467042003
930,8332,0.2376689651051031,0.3486549124804265
931,11492,0.7507987036575694,0.6925699511238756
932,903,0.1572734786436216,0.33281410683772056
933,3251,0.3712763106187836,0.5546062889162225
934,4802,0.4871595173523738,0.5905109916111668
935,2968,0.6173325649789579,0.7154045419799354
936,8404,0.155762688274635,0.20757979031682142
937,4230,0.5413743509566873,0.787806074985462
938,7336,0.5722745876067501,0.6276160472425674
939,6247,0.3584739109890699,0.5109194986698613
940,11359,0.4577405390280628,0.5002545031394905
941,518,0.1781591645793483,0.2374852925841904
942,434,0.6811245630207687,0.8571988424208833
943,8530,0.2793839484413601,0.2793864932258287
944,7639,0.2309425844692188,0.3111088827109907
945,10497,0.1947555349455281,0.4044140915059533
946,13388,0.1412820449414138,0.3438094924996595
947,431,0.2622942500788321,0.3318800263835943
948,1010,0.5740078845915957,0.7844392339475288
949,3289,0.4468843636592967,0.4538460754601524
950,2250,0.2287433143312696,0.4739078641257581
951,8563,0.3872375414372357,0.7485667220201133
952,1493,0.4013080849940269,0.7874269545258358
953,4706,0.6900261329490145,0.6956980905755434
954,15789,0.3221444025425451,0.3255118814112231
955,3410,0.2138514463126405,0.4618077072688333
956,1459,0.4908212474742465,0.6699233372901114
957,13056,0.6481882895446417,0.8003318265464737
958,14210,0.1784175438083575,0.2382907780023593
959,4609,0.4731097904397081,0.6018050187762907
960,8846,0.4537881449522795,0.5544762884340545
961,15319,0.6349497822027296,0.633995710110064
962,15081,0.570716362278571,0.7258717144480867
963,15388,0.5241678419632622,0.5336738843659229
964,6717,0.482213227533892,0.6716565525183632
965,4028,0.5890847841213714,0.6183216363360956
966,2554,0.3117394514460316,0.6198953447161792
967,14445,0.5017957687726284,0.5990301087947281
968,8205,0.1994315691172275,0.247460939315996
969,8637,0.5817980083726877,0.6231151994099804
970,14452,0.2101561064265922,0.2334891354672202
971,3833,0.2166571105147169,0.3269179896131756
972,13169,0.4670521809108046,0.7397620221055573
973,3599,0.6013508983798082,0.7658664159563068
974,15473,0.4865393818164393,0.6656143104265866
975,15705,0.2057053364410578,0.30038874452522796
976,11204,0.3221650660526818,0.3282817562893528
977,15963,0.6285907838702274,0.6619151421803571
978,13207,0.4925888045430259,0.7037613642197669
979,2301,0.3348887744427331,0.3348710727268763
980,7360,0.5983434855850793,0.625611160963383
981,932,0.5231506093122253,0.6530164453982473
982,11159,0.3105546265359259,0.39905443781229355
983,14163,0.5450654880016869,0.5650244863227123
984,5337,0.2357382945467335,0.3145760906458567
985,10455,0.5972193950901299,0.8418006232226006
986,15764,0.1872134761880407,0.2492214012326492
987,15346,0.3644356006165108,0.7546932699240291
988,11288,0.1862157543383083,0.3128811155421525
989,3434,0.375186962731582,0.40567868797672463
990,7733,0.1469408352273064,0.36341575722138064
991,11832,0.5875633247159608,0.5986757791794599
992,13114,0.2433281166389951,0.3679106310745822
993,4288,0.17715357445242,0.2983038614201388
994,12882,0.3777634705488666,0.49776518782425155
995,9129,0.7416318193417417,0.7843150730025065
996,13900,0.2559521926610331,0.22912626614874504
997,5464,0.3485513822556856,0.5178459215815336
998,13145,0.2879588108093746,0.22961008142170872
999,8723,0.5132588827245458,0.6428900888650311
1000,6077,0.1757889617018048,0.2432690701783015
1001,2236,0.9618966408743556,0.6563281443851717
1002,11571,0.5237975518193275,0.689136057401433
1003,8023,0.5690728007070563,0.858935894520096
1004,4604,0.5208806617124108,0.6707399976469332
1005,14020,0.4825932287950551,0.5142783430125271
1006,10261,0.5280302395359381,0.5900908239114139
1007,12758,0.2554636859964603,0.3774262631300382
1008,9309,0.5372732320167454,0.6919768702075032
1009,15535,0.4158876733153586,0.4203055481592081
1010,3615,0.3520078225523812,0.7103001682605143
1011,9487,0.6157341137511457,0.7065232883699898
1012,1350,0.2321087049229472,0.2818370594115648
1013,7750,0.3308585716585954,0.5327998576784414
1014,15828,0.3113362891131592,0.3113694584913452
1015,8382,0.1592554224029264,0.2126457118198562
1016,6385,0.5181162452106048,0.4038834031999469
1017,5834,0.2018495604495445,0.31402202437113197
1018,8015,0.7736435742357364,0.851057563303847
1019,12575,0.2042494138017686,0.285392628330212
1020,10221,0.5502274623064148,0.8587904872639861
1021,10044,0.3650448206337519,0.33195880737975303
1022,12950,0.2392252842413819,0.4379629598541144
1023,7187,0.4205530179517125,0.7900620304079986
1024,3058,0.1665111875038169,0.2459088525177193
1025,9999,0.6343839459976052,0.6853035678864882
1026,13556,0.4673593487133973,0.3666879038584521
1027,7794,0.5012155230556286,0.804545166431932
1028,8261,0.4619377820784732,0.6407257439651027
1029,6066,0.4079359913849658,0.5853302060659571
1030,5923,0.2170818949856289,0.40393144596134156
1031,15948,0.5949886722367224,0.5048612939802075
1032,1650,0.4458851888156984,0.4485422744069708
1033,3946,0.5135961435267677,0.6616466654486409
1034,11153,0.4622211958437504,0.549121953191303
1035,930,0.1738584604752029,0.2849532675334967
1036,13898,0.3518188323353645,0.5396605871423699
1037,15115,0.4348336292673001,0.47404504094459027
1038,5883,0.2756330619660727,0.6047301800438837
1039,3325,0.2554031664450248,0.43208127667374785
1040,14574,0.5026051351223274,0.6324837940503014
1041,15693,0.2347688130172688,0.3127885858256043
1042,13007,0.4165068036470984,0.8582049084701913
1043,7803,0.4099924181280203,0.7037613642197669
1044,12226,0.4161458144268323,0.5965490363961221
1045,1767,0.4741475144276149,0.4437323228347339
1046,1470,0.3322854468503455,0.3855520254405591
1047,8161,0.5968355660594382,0.7618615578372643
1048,6728,0.4855659993157286,0.756287785705327
1049,13228,0.4788024056050226,0.7266922980634449
1050,14404,0.28401746112739,0.48255332539036067
1051,8211,0.5004171925383466,0.8073893898229927
1052,8830,0.1719441568637581,0.3564383206862621
1053,1393,0.3975071031151242,0.40253848330576264
1054,12515,0.4397848330479703,0.7652630666844994
1055,13535,0.519809665961427,0.5752891438767275
1056,14505,0.7330471022978088,0.45344788472927566
1057,5751,0.2787204541316707,0.2756539630261189
1058,14428,0.4195490180739682,0.47618432049384823
1059,15405,0.2793898480143532,0.35351312634303583
1060,13735,0.4572829921838517,0.6297643045762924
1061,14266,0.4327852010339391,0.7233830301677046
1062,11776,0.2033346531996785,0.2512640329118514
1063,6005,0.4307773482232509,0.5316953053281803
1064,6515,0.1527701273290341,0.22939043765503353
1065,11519,0.3207269451502411,0.5125510459123506
1066,1962,0.4675658762434964,0.7589518738219109
1067,168,0.7058111586803008,0.631008034546904
1068,12619,0.5150347562441017,0.5435704930510107
1069,1011,0.1641474618975822,0.3203487532189979
1070,1270,0.5314509387303753,0.5790382898491084
1071,11502,0.3140941486843955,0.3141026163592263
1072,14937,0.2991308123454529,0.45408952985875556
1073,13766,0.5955521049336385,0.6943044425344113
1074,7897,0.2505497583940337,0.5076163300566869
1075,11693,0.3694960300575408,0.3727657159255227
1076,1593,0.4357660658733776,0.6001804338302886
1077,9680,0.2408536394011464,0.3824972696016944
1078,3482,0.6160919696818885,0.7078694490048719
1079,5125,0.706092425611985,0.7786417717791073
1080,13072,0.5972031638568077,0.860071423547627
1081,16026,0.4413688185917465,0.7904010472314715
1082,3465,0.303991224691293,0.3040733156199993
1083,3886,0.6359729521863817,0.718019133643741
1084,14989,0.613028667998015,0.670155658324846
1085,8608,0.4797732602138723,0.46482255634105324
1086,11610,0.389484933812335,0.7393333027212441
1087,10187,0.6226603154107168,0.7122649095019459
1088,14803,0.4527726882653631,0.6671644971100177
1089,12818,0.2268503433094322,0.6419563153349341
1090,5379,0.4238913529998597,0.43984283977657823
1091,14793,0.6387875573754405,0.6291553951606401
1092,2473,0.2683220626854504,0.38763848376675325
1093,3366,0.1821096067994927,0.20357366628715168
1094,4341,0.7206913399737239,0.7182399605801012
1095,10671,0.2824391863356271,0.43129033820696244
1096,8203,0.3420501911076826,0.4062760521314365
1097,1061,0.2934085633988016,0.39653908789264747
1098,15088,0.3797085392367345,0.4261028009034549
1099,487,0.1920737449021089,0.33875679490083105
1100,14500,0.7330260470348021,0.6924082072829546
1101,5169,0.1895922577816678,0.3641027718995352
1102,9210,0.7019704347013521,0.6938650535235591
1103,13335,0.3239904278189668,0.3269980132850614
1104,9876,0.4011431224652348,0.4475211573161391
1105,12559,0.2834365389379129,0.3933234548824911
1106,1326,0.2524077605635568,0.5206685393507344
1107,3256,0.5630027057249857,0.8085560834193909
1108,7213,0.5565361073271181,0.7509333844787023
1109,2996,0.1559312393528726,0.5284950449120083
1110,9532,0.1504940522327328,0.42960557810887556
1111,1078,0.4977493507302298,0.7321282612012995
1112,8757,0.4273488303298654,0.6091114818794812
1113,14409,0.5719587449873793,0.5825421476910655
1114,15193,0.430690089602313,0.7617646758895926
1115,286,0.152794399456095,0.4003618429947706
1116,15399,0.192034662967923,0.3268957000220707
1117,13592,0.1916165189605707,0.24755288511419046
1118,11767,0.4484337188334209,0.49130679326181886
1119,8072,0.7161226467814159,0.6195033179491076
1120,9697,0.3200697819960744,0.5050505323634472
1121,13536,0.3652777895005285,0.4971403112105508
1122,5556,0.4483632668629019,0.7181168040821534
1123,12488,0.4693552647923866,0.5698978891651358
1124,2900,0.4338663229085011,0.4443087212943886
1125,7333,0.8215870871280095,0.8008402948348537
1126,10402,0.5884750915240535,0.6109393522963908
1127,12593,0.4605234657843532,0.612314870452627
1128,14789,0.3125760629935731,0.6628915554221143
1129,10769,0.5662721029954259,0.7487769939368484
1130,14096,0.279388039003693,0.2793943061716719
1131,6489,0.209681620008459,0.4097484681073396
1132,12103,0.4147596611696263,0.5687013084105895
1133,5458,0.2509388773016194,0.4503051918849887
1134,13769,0.507395057141855,0.6758958455329633
1135,12242,0.7034326720395033,0.6967947435615507
1136,3014,0.4496858123778197,0.502304172607196
1137,5635,0.4129661833316332,0.4529624266788977
1138,15288,0.4299334855298192,0.6044881908395447
1139,15252,0.4891997195032507,0.5900970111629319
1140,4475,0.389410438147962,0.6672854944094206
1141,13514,0.2373522591268686,0.5209730614336876
1142,11231,0.386522581650439,0.5577691150860697
1143,1489,0.2378672070076927,0.38855902207920284
1144,4785,0.1597022159405444,0.23958628319306474
1145,4459,0.6442538251475338,0.7036217187132845
1146,2140,0.7009010411188762,0.8392968274385163
1147,2216,0.1751444807178142,0.3450635636057028
1148,15052,0.995171445579514,0.8867441319006214
1149,6186,0.4628166668315642,0.6672973535343609
1150,2864,0.4730541494969739,0.7780426295268364
1151,10389,0.1642502881344562,0.4219677220016715
1152,15918,0.316227507781798,0.42215968801475323
1153,8337,0.3721633810647647,0.5306287031635186
1154,1247,0.3102447851655448,0.382582180847053
1155,5945,0.1879166041968982,0.3138288580039524
1156,11028,0.3985677954803927,0.4874014566447406
1157,13663,0.4582067363818419,0.7743626442912075
1158,14413,0.5006240961035169,0.7691731094131374
1159,491,0.5093297080121473,0.711346987981972
1160,13112,0.6504093136865696,0.662425097150243
1161,4561,0.6657776713198463,0.8579399594000432
1162,12435,0.3947816749385513,0.4890726950148704
1163,2683,0.5213440195575886,0.6639132906945241
1164,6214,0.3922060771546499,0.40074793159191624
1165,4463,0.140408053664952,0.2692342644138587
1166,4705,0.5030578220304346,0.5132571452990174
1167,7728,0.1847978160945153,0.46944900059203665
1168,12031,0.4006946143533231,0.5037442982050299
1169,2701,0.6991413866920934,0.7886799406955239
1170,7012,0.4521074497276474,0.7736376969898241
1171,5186,0.1884239112692678,0.2366273221617123
1172,7013,0.6383794755275319,0.6616669709048957
1173,7864,0.4360706284161088,0.6464705229505473
1174,5729,0.6261716361015965,0.8092732352549304
1175,1022,0.7288882163470792,0.7409455824698058
1176,8192,0.4921578198750169,0.6171733491513913
1177,6451,0.5081115689749575,0.5004701556213436
1178,10709,0.7491895079136506,0.7917140461481177
1179,7654,0.2793941756925996,0.2794022689248203
1180,4978,0.6211168877842219,0.8066174005031043
1181,8994,0.4296724341442432,0.47246437513641876
1182,5099,0.3477165939677291,0.6683062450159991
1183,1768,0.2791256990211894,0.6526936757688016
1184,836,0.5864967590292758,0.6497182262424046
1185,11875,0.222203725664058,0.3857695118114236
1186,8809,0.5591920232969976,0.6828779766590733
1187,8265,0.2387534209075394,0.4762158126581913
1188,5385,0.5411911490710511,0.7719615355947156
1189,5220,0.647191922918683,0.7616009685509415
1190,6885,0.4599510852208244,0.5955075090405124
1191,2360,0.1402893632169849,0.483526718219497
1192,11997,0.2792584028139256,0.7369972542703866
1193,2298,0.1632441258989468,0.25636113482183626
1194,12100,0.3607728286440869,0.44905164774880313
1195,12422,0.1713633963767933,0.26765727269240763
1196,14223,0.2669181807970519,0.6628775815274989
1197,13711,0.4673704881564008,0.4993820378766238
1198,7078,0.5026026973909131,0.6177886131308955
1199,7042,0.5264959450421105,0.6014105920592697
1200,850,0.578267592852324,0.7019223706363245
1201,5013,0.5301806263156674,0.7647259803293229
1202,1722,0.398873006026151,0.6306258586691931
1203,9251,0.535894876722569,0.7391987022946596
1204,11131,0.5019585428039569,0.519821163743238
1205,9286,0.3384088404269576,0.4645115618047887
1206,4936,0.409261096869945,0.7807581377170877
1207,12884,0.6839006262157068,0.5046652547887068
1208,8116,0.2213756983857372,0.2876638211654957
1209,5206,0.3192266801728599,0.5420242313341191
1210,9757,0.1866021215912056,0.2902937313030032
1211,14057,0.4564367470990403,0.5976064308373595
1212,14556,0.3907011647342941,0.5411247696862854
1213,2498,0.4941880258487216,0.8155187636530815
1214,6205,0.9439657446956796,0.8338880342420494
1215,11287,0.4407186545406445,0.5567691910553118
1216,15411,0.4955593388937833,0.6182389668383901
1217,10400,0.4547077402202434,0.4681249959420854
1218,758,0.1849180969184171,0.2831827986153969
1219,7847,0.3262366332249353,0.3381730953412015
1220,1522,0.4964204482555671,0.8385003644862029
1221,3461,0.4537440831747677,0.5545026126768461
1222,895,0.6077787255880626,0.6353370970991534
1223,12311,0.2185852522000318,0.3731094610623359
1224,6973,0.2776828581895856,0.46229916405695143
1225,9254,0.475594523618961,0.7142101914984529
1226,9774,0.2084142383439739,0.2194332418528725
1227,10458,0.3849723962061475,0.5981009130168387
1228,9392,0.4005804038637932,0.41832493823022215
1229,13691,0.5130827877334878,0.6644875451193676
1230,2271,0.5662197032619096,0.6354578063470715
1231,12494,0.3720607023232555,0.4800580270641683
1232,8990,0.1699434346497675,0.2722027058296701
1233,7881,0.2882064878122007,0.4487193259126707
1234,4129,0.2549521877824467,0.3820177611950295
1235,14014,0.3286147645300781,0.41878885120505355
1236,764,0.29228173316155,0.4248298286980571
1237,10417,0.3948889868455185,0.5725666276558584
1238,5587,0.316760116930706,0.31818822962514637
1239,8857,0.1650759046618526,0.6946156666714007
1240,10995,0.8105712702218529,0.7865690181270317
1241,15449,0.3214295783742181,0.5777782728720838
1242,3889,0.575268851343098,0.730049270474214
1243,6472,0.3791937213934691,0.5895166582860242
1244,14303,0.6402733006229737,0.7897162040457536
1245,11770,0.2365998400677811,0.3005980218279012
1246,8262,0.4577126571674492,0.4937645916661778
1247,14524,0.4484323008478493,0.454167997380646
1248,7417,0.571366455951902,0.541641392564406
1249,15629,0.3652084871602883,0.4392346915220957
1250,8221,0.4344727000723428,0.6282304307227423
1251,8926,0.4047859320798221,0.35467435773674505
1252,4731,0.335303768428572,0.7807595101891383
1253,8482,0.1617530099748086,0.2990847437687605
1254,9639,0.1543748221699873,0.2354930751505212
1255,7066,0.1839025929503852,0.6628922603839502
1256,9393,0.373222995336698,0.7049148338479111
1257,2802,0.3867932730387259,0.6999025485020103
1258,4226,0.3843620971581998,0.8059248820220584
1259,3184,0.5271783592136127,0.5741101964785597
1260,7580,0.4723300563993505,0.5867514313699274
1261,10056,0.4674629817392828,0.7215805925767249
1262,9296,0.1886329488281189,0.3237466364913436
1263,1533,0.6018000414297623,0.6105438073558259
1264,6252,0.5928864328186321,0.7774232902930354
1265,13036,0.5555701610810966,0.8517024376923946
1266,10086,0.5515987278952402,0.7149608769543074
1267,14221,0.5081553021506963,0.6148022071149226
1268,13357,0.4780192227694407,0.6658323966236787
1269,12335,0.3731174012312697,0.7094118452655666
1270,13426,0.3549814360322414,0.4165792917634078
1271,14128,0.1748575030857365,0.23319823042576424
1272,4333,0.2317360667194563,0.3195605096017516
1273,10923,0.4224252817585905,0.5905678633429023
1274,2585,0.4685341375039613,0.600917546023434
1275,13644,0.4256343040134052,0.604905793228478
1276,11817,0.2008621920879922,0.36316356449133963
1277,5853,0.3343536103264385,0.4897328471935934
1278,3728,0.6619665298880351,0.801552967554037
1279,10730,0.958678966494038,0.8756786710182879
1280,9470,0.4874479731537436,0.7221196676572774
1281,6848,0.5127858077165053,0.6486486991821815
1282,7926,0.2545521001132703,0.25630902868917127
1283,3647,0.2513706655288151,0.25831742261168933
1284,4861,0.5799847919146814,0.6693029262229282
1285,13302,0.374680982617765,0.5249956239834842
1286,4315,0.5693991848827263,0.6683543017699387
1287,6679,0.2842715381652602,0.567492375925531
1288,6699,0.2170532854249875,0.2197197984034903
1289,10043,0.2793887333656328,0.2794326865413219
1290,8674,0.7610433114666816,0.7978291804508555
1291,5701,0.4346503445511255,0.49126625712937366
1292,14607,0.6236403805195919,0.7300168697289935
1293,12153,0.5249271421430354,0.5990429053605194
1294,46,0.2327975092391698,0.337416188629674
1295,10203,0.475276783786268,0.5972821025309625
1296,12799,0.179658765556553,0.3990269732609852
1297,9975,0.3898800828769647,0.4638187223269641
1298,373,0.6130281186165796,0.7789977559753299
1299,4768,0.2676307429383308,0.2835361780652043
1300,12624,0.2776473963449815,0.365807419011667
1301,12133,0.465883424415691,0.6998641052838667
1302,13784,0.4388615168490334,0.49926436505892746
1303,10153,0.6768490098432618,0.8944980626196869
1304,6914,0.4112834506836399,0.6874679214355927
1305,8627,0.6326087144272267,0.48070235811348183
1306,9390,0.5627583098120889,0.6639468061107983
1307,11715,0.2392326543561518,0.26734801399500724
1308,15942,0.3415844361984907,0.4855684379686177
1309,15767,0.2017092003960728,0.33112608815049377
1310,7945,0.1878274724504079,0.26865163852110985
1311,2157,0.4077889914238386,0.7168991657942735
1312,5828,0.3737255381171738,0.39097338165089257
1313,5035,0.3275514011014614,0.3300948949327572
1314,9683,0.3644134938062244,0.6710872328682557
1315,7664,0.8332961522616223,0.6961094731160155
1316,4121,0.3784777987711247,0.7418872600174241
1317,7407,0.2187118484557764,0.40859103554156856
1318,3601,0.1783336380601931,0.23016138552277163
1319,10962,0.7788130715854498,0.7962964925398932
1320,8309,0.5401522074976036,0.9320141723691092
1321,13179,0.569331692415745,0.4859615826777796
1322,10547,0.5646420881285311,0.5601706591288861
1323,200,0.4027204662846067,0.5483650768630881
1324,12273,0.6245763230362306,0.7555025098721394
1325,3706,0.8576639574100222,0.8495916444021377
1326,15806,0.6145728766458892,0.7222428420159799
1327,10686,0.171403821719156,0.2952789973755078
1328,468,0.4953802832016242,0.8513320276340358
1329,27,0.5163446879494463,0.5046492574221937
1330,8959,0.4367033010173006,0.48743036215874486
1331,7202,0.3244079051098936,0.6682009309512861
1332,6211,0.3303896399247404,0.4537146582108587
1333,14194,0.1890085727590037,0.2075976580796393
1334,10358,0.1983369316627656,0.3967347626628899
1335,4950,0.5335541604995474,0.8197074256690048
1336,11742,0.4235591413094594,0.4302687053859021
1337,8722,0.5174140132041114,0.7785691644400641
1338,2906,0.4531466044399003,0.8405023994313863
1339,2348,0.6053029726969863,0.7016795702088477
1340,2546,0.4428742759573324,0.6355572363246027
1341,11575,0.3929766838615056,0.4620549305701864
1342,4884,0.4790046058236071,0.5169006166462983
1343,13620,0.5607878086129912,0.6400551226731596
1344,2929,0.5480504209409569,0.7027744279040773
1345,4064,0.4096951520643397,0.5567080975786025
1346,16080,0.4175597603631915,0.553437539406408
1347,14093,0.2299561733737239,0.2372845137679114
1348,9559,0.6008740974934668,0.7507410524944366
1349,2039,0.2977593315130468,0.25097755381330195
1350,10508,0.2126499598507249,0.4735417932996499
1351,12062,0.2194753175209029,0.2571467493315335
1352,439,0.3725167043411568,0.5682384047027479
1353,5386,0.5119454005407386,0.6952342199641826
1354,2613,0.5004310827922823,0.6213654934537489
1355,12124,0.6834964218905001,0.677307032593053
1356,925,0.3880311500931999,0.4902637096298354
1357,15152,0.3996466668908493,0.7481980473825118
1358,259,0.5061488749866759,0.8282001974657971
1359,10710,0.5125784129152652,0.5111270467318457
1360,12202,0.4836119454889361,0.6099690897454411
1361,7153,0.3952509823754574,0.4165451052397793
1362,3984,0.6643448981193169,0.5649117216022574
1363,12008,0.7273879672050733,0.695234130592541
1364,6390,0.475412010191816,0.7259582145042087
1365,2315,0.5069103753633452,0.6942266253033234
1366,6101,0.5368835083230246,0.7373579192247826
1367,2122,0.5731302698149962,0.6980340997619432
1368,4149,0.5687924566480237,0.5419338504381224
1369,9271,0.3889231091910018,0.7049598143822654
1370,750,0.2464269859977305,0.33036176463150796
1371,3668,0.1721408914473515,0.3128273360172966
1372,5219,0.3422281487559022,0.39601887604821395
1373,10908,0.1953564251535917,0.3689986096867766
1374,4874,0.6541623431466507,0.6934712449605958
1375,15180,0.3791800871430955,0.4801059956561548
1376,15317,0.5624634217471794,0.6960531852968749
1377,3107,0.3140575701878435,0.3140650515391847
1378,927,0.3348394038249272,0.4810063889358967
1379,2099,0.327425045515326,0.47040107558641153
1380,5803,0.924904742212728,0.7790228534497585
1381,7386,0.4667818952679988,0.4753728399244613
1382,6225,0.6135264195860505,0.6457552250516698
1383,8701,0.6333609982943108,0.8451547907711258
1384,2266,0.4291670923531409,0.43931545001306815
1385,14826,0.2283272306808408,0.2797315091758605
1386,4229,0.2314010448262796,0.39963872148498786
1387,6890,0.4316402272275952,0.4628112255420927
1388,11401,0.2240952391881411,0.2934856214458718
1389,11986,0.4275667068537251,0.5438679041087388
1390,13783,0.4836563909734754,0.5256638872348706
1391,8900,0.5693505496890563,0.7315478889711623
1392,3422,0.4139589736041238,0.4940833199263896
1393,9194,0.4141995781541303,0.5747493218620121
1394,4401,0.5588569682767922,0.7098002427164157
1395,8171,0.4769029509574436,0.6310932946747223
1396,3682,0.6511601433813289,0.730226701189042
1397,12548,0.4550460938285324,0.561658721716651
1398,5601,0.2246730419850238,0.3203810602651801
1399,14467,0.1570295380986245,0.22968748663004684
1400,11318,0.500147346143916,0.7487600931945724
1401,9534,0.2251269493567775,0.2562376122254843
1402,1121,0.5717543194826388,0.7150303501381259
1403,7496,0.6417022449164842,0.7356186612053367
1404,12850,0.571986844211117,0.5795662586374181
1405,4618,0.240797460540731,0.38257484534302016
1406,10982,0.1745528365506364,0.24883221615868223
1407,7627,0.6088000581598026,0.871130097146574
1408,3608,0.821877522248539,0.8267300134664779
1409,6909,0.7232176829933291,0.7942988157143913
1410,13470,0.7740781610139641,0.8732046578750711
1411,4885,0.4617943352198713,0.8552423390970507
1412,8692,0.8432485890095922,0.8582050981541471
1413,14637,0.5671192934528413,0.5838102951420473
1414,12654,0.52451797976815,0.6064634285771383
1415,2357,0.98877955985593,0.830917582202026
1416,11702,0.3347418024408402,0.3348265810598292
1417,8294,0.4731307432847424,0.7221725678898595
1418,14469,0.5610633741293177,0.6311895629224589
1419,12106,0.2047005613923468,0.32247441319483544
1420,4622,0.1980814381281551,0.27574686464152065
1421,8076,0.3364502366031632,0.4745241785422511
1422,10316,0.3468234367573263,0.6686535644832415
1423,1534,0.4640337559585207,0.6315212293450146
1424,1475,0.2308199118479978,0.42072856300503153
1425,273,0.642906565649834,0.7799005826238562
1426,1799,0.5120275737847579,0.7504492728553687
1427,12210,0.6192603480791532,0.8814670861467919
1428,7030,0.1704487563158565,0.5365118024139351
1429,7841,0.1852274196272367,0.2563471777061584
1430,13287,0.261897456650401,0.2682868228440194
1431,3547,0.2397610578306212,0.4226210924494914
1432,4035,0.5840746289467916,0.6518324518393525
1433,13311,0.4494281438175574,0.4134959574143295
1434,2615,0.5242395925152908,0.7250768384755548
1435,6887,0.3881162460600258,0.6200906891718283
1436,8985,0.6664295172080494,0.7331994529145839
1437,257,0.161703570903537,0.5616286123583101
1438,13642,0.8133498044393159,0.9426230874878173
1439,11224,0.661560009815101,0.7355837069296188
1440,9598,0.2289268039912553,0.4355013170940747
1441,794,0.2390240660326034,0.5109770177656884
1442,3652,0.5194388084968502,0.5195149856712566
1443,6095,0.3313259674581036,0.43480408349772526
1444,12877,0.4996315787377277,0.6427083331895643
1445,14386,0.1741217371125232,0.233023222851
1446,3312,0.8152307519963542,0.7011857420566018
1447,16028,0.395926890998933,0.6803677787523378
1448,11071,0.183757616938356,0.3611139522362602
1449,4800,0.2158758019254156,0.6080331478021948
1450,8570,0.6261135675573848,0.6352148212804096
1451,2518,0.4589128845225996,0.6368903330417909
1452,1575,0.5313904031021031,0.7598424486337775
1453,10186,0.2684292716693474,0.3055531691057947
1454,1870,0.3669628994931725,0.44464761439504286
1455,6006,0.4266274050039253,0.5930216014784853
1456,7410,0.3768290575845353,0.5491026896154896
1457,7516,0.369371099062782,0.3676679189399816
1458,9963,0.2263083952965453,0.2956624545885517
1459,16035,0.4496558659917826,0.583572829913024
1460,4486,0.6302604021549084,0.6336003047282893
1461,5513,0.5304769800807566,0.7480078481169832
1462,11388,0.2241025781709112,0.2867630067394111
1463,6757,0.6276575812970296,0.8470365635308343
1464,3950,0.437386743067808,0.6600984001087866
1465,11708,0.1609999154379786,0.29768592800969035
1466,5528,0.6281945607471269,0.785199693545218
1467,1530,0.3762646102018759,0.4509369585465649
1468,14271,0.3455065736545872,0.4634281691606395
1469,11336,0.4003553147262964,0.620067629287432
1470,2629,0.2701060772930688,0.3662073829959446
1471,11554,0.6513958417838588,0.6514245047180098
1472,14037,0.2599143374129488,0.4593817353631673
1473,9775,0.6273987273558643,0.6309391898089611
1474,3989,0.4011899146303793,0.5256036610405656
1475,2084,0.1649981609671958,0.2654450480000602
1476,3000,0.4170989969730782,0.4714969024219025
1477,3978,0.5489334253867678,0.6286022141424018
1478,4513,0.4338951278853802,0.4781048307942812
1479,1713,0.818104680986332,0.7852153806649402
1480,12356,0.4771767181237658,0.8020426631100693
1481,15079,0.7261843016789279,0.8497943487288334
1482,14010,0.4367919104881046,0.4389773742813653
1483,15669,0.7426256101416588,0.7859383468865371
1484,11142,0.5208944284173356,0.6276009748651062
1485,4745,0.414095915731951,0.5256382301745943
1486,10134,0.2801766037700644,0.26178848357520185
1487,13800,0.43525966624366,0.7049374488053981
1488,13839,0.3551201344730533,0.4600368208774774
1489,14590,0.465935955074489,0.5848025574855351
1490,14741,0.3621669812773601,0.6326308640418916
1491,6388,0.6561297881158404,0.8391643561715935
1492,10029,0.2794321974732781,0.2794423324797576
1493,4836,0.4780629407466115,0.6033266806638153
1494,188,0.5001389336850606,0.6017590672938239
1495,805,0.3286651098657326,0.32970869666483826
1496,2025,0.1936121247446781,0.31533519697035606
1497,4870,0.4879477016258988,0.7416419864818663
1498,608,0.5688643581434993,0.7049148338479111
1499,13497,0.4004080556323798,0.5895910470480095
1500,5155,0.349768561397736,0.4955881312684828
1501,6935,0.4982180433387422,0.7140714260998633
1502,9604,0.3939684889656084,0.6269182713383287
1503,4518,0.383126061726867,0.4064585750075773
1504,11068,0.5408764290169306,0.631303666934401
1505,6874,0.5029519487709411,0.7447476050171423
1506,10688,0.3961874053622399,0.559946774764273
1507,15957,0.2585914828956066,0.7216079108897127
1508,218,0.5000431288425147,0.6714495882755255
1509,6086,0.4905931804636281,0.6518549280344305
1510,360,0.3427411885113149,0.4005221611288923
1511,13034,0.4786291842967921,0.4990878586087974
1512,9287,0.7256839949421051,0.7225173296505933
1513,2858,0.5738513559495476,0.7374175384989039
1514,327,0.2063601618347805,0.5340199469722079
1515,8040,0.2055895342435671,0.2404207478940498
1516,8193,0.2643270288745041,0.3705579696473315
1517,14633,0.4663758563163724,0.7065985348815099
1518,4952,0.4356125059210998,0.6781461971117357
1519,6926,0.6149057815373299,0.7411351035669355
1520,15815,0.3888166895778792,0.5555370535359566
1521,6879,0.7758343205404729,0.6785810145343374
1522,13008,0.2396080026988093,0.3586311094788804
1523,12035,0.423936164812189,0.45080605661848033
1524,2788,0.2475665857681235,0.31588673484341
1525,14900,0.499420118847394,0.43104961406781006
1526,2342,0.5296299468924216,0.5359057087839373
1527,8582,0.4177832299179394,0.5986104869073194
1528,1586,0.4496044245283058,0.5354242327817129
1529,15659,0.1700584414767088,0.24583501038243233
1530,7134,0.2598046684793737,0.6020577013098252
1531,11085,0.4119938585081078,0.44973899530749367
1532,6729,0.3792046798014218,0.4740602515175563
1533,1683,0.5818621354320489,0.6490383723201072
1534,10596,0.5698782141137065,0.7949752400278174
1535,7591,0.2155845947867655,0.25309702308737303
1536,9059,0.4743187323982109,0.6154222358773884
1537,5284,0.5582555422950637,0.5628884608154335
1538,12002,0.6990564825285038,0.7895397928248848
1539,16009,0.1993937340200579,0.37270580451469365
1540,1570,0.1871613881031086,0.2440686369714728
1541,10010,0.4213977243120324,0.6089335487220483
1542,10652,0.5150575922428009,0.7474233980280576
1543,8526,0.3475663461783407,0.4528852384378225
1544,12718,0.3651143524225031,0.4545240160454568
1545,15961,0.4556537794055899,0.6684094076251209
1546,4862,0.637166412137425,0.7221575961760908
1547,5623,0.6137095824028889,0.6376445874923529
1548,4860,0.4094530540125674,0.5080776527868465
1549,5339,0.2353349225536866,0.2724686344843329
1550,14270,0.1713206546908607,0.2799624339818182
1551,13330,0.4284296037218822,0.44605315895364633
1552,10732,0.4664956808046124,0.662528850095181
1553,10624,0.3326118766399934,0.3316109017585766
1554,15300,0.7025842372361569,0.831794734455416
1555,5912,0.5157287959440798,0.5131761368841012
1556,8318,0.2577760996862727,0.2661902574341952
1557,12547,0.5647221989785838,0.6409770335835753
1558,11550,0.492241789171341,0.6866861628812491
1559,12983,0.4121070685915145,0.7647259803293229
1560,14051,0.4107727183597859,0.6023239135889255
1561,8083,0.4904813339086986,0.7477478684182768
1562,41,0.1690709884394077,0.3908878293771153
1563,15864,0.4675113454015284,0.7743072152483036
1564,13328,0.319797639967053,0.4287354129202324
1565,9537,0.4309382386880291,0.6255803065765172
1566,2480,0.5924711511852128,0.6926644832917057
1567,2656,0.2219551997953634,0.2816956591146613
1568,4602,0.2201951161324034,0.2765956751016738
1569,8645,0.5692117047790028,0.6374820690871008
1570,10220,0.4927927547834699,0.5032399749406453
1571,4851,0.285297162982857,0.3832207624807186
1572,6104,0.2007925178308691,0.2604964556856728
1573,13227,0.4176189544065788,0.6008024090234758
1574,11385,0.2415950150210932,0.6105555123196118
1575,5597,0.4064832323738723,0.6205991852805933
1576,3902,0.4142831508130252,0.4354567763474974
1577,3205,0.6418018357730784,0.6883816422009983
1578,12050,0.4675344775311295,0.5108849307563572
1579,12729,0.1541999225698706,0.2340575613446468
1580,3208,0.4809818203670789,0.4792201775214353
1581,3971,0.1716838753074968,0.28069227269637936
1582,5152,0.5109479430881465,0.6332291355906469
1583,8144,0.3950985045653687,0.8111454029701421
1584,7583,0.5005656248119271,0.6266959631314565
1585,11241,0.4257184002383249,0.7195041939089375
1586,11644,0.2050777026441276,0.42629516931158684
1587,10264,0.7039234915504976,0.8751438520907397
1588,13254,0.4780344790812497,0.500590230371193
1589,2119,0.6183591749288706,0.7179223108219753
1590,13554,0.2185362169649038,0.4275014661852069
1591,9202,0.533211584589165,0.5751120349973051
1592,1254,0.5141122535788014,0.635766789776166
1593,8879,0.7303698608488399,0.8507928809124139
1594,13916,0.4815805565221961,0.7021536944740597
1595,11212,0.1865354583467836,0.269109916555718
1596,11907,0.4681994707296089,0.660434380833712
1597,8280,0.6607369190932234,0.6861591375446964
1598,8369,0.2439849383931928,0.296868455673012
1599,12380,0.2039519864299914,0.2911736488326066
1600,3910,0.6056292213054936,0.7340529385864588
1601,2124,0.5905966276166141,0.8836656442230305
1602,13381,0.6051457129579397,0.6174724958746786
1603,6112,0.3154876785653455,0.44700881430784895
1604,15906,0.3431425207738426,0.4202118652851567
1605,11631,0.2186679528371966,0.2607017998168267
1606,11977,0.8018155948651932,0.890562885623795
1607,15816,0.3531871691392655,0.46498083086805886
1608,9701,0.1642296167677869,0.2888049920559465
